Lecciones;Assessment_name
Números Enteros, valor absoluto y recta numérica;M30M-CNE1
Suma y resta en los números enteros;M30M-CNE2
Suma y resta en los números enteros en contexto;M30M-CNE3
Multiplicación y división en los números enteros;M30M-CNE4
Multiplicación y división en los números enteros en contexto;M30M-CNE5
Propiedades igualdades y desigualdades;M30M-CNE6
Ecuaciones en los enteros;M30M-CNE7
Números pares, impares y consecutivos;M30M-CNE8
Múltiplos, divisores y divisibilidad;M30M-CNE9
Números primos, compuestos y teorema fundamental;M30M-CNE10
MCM y MCD;M30M-CNE11
Secuencias;M30M-CNE12
Fracciones y conjunto racionales;M30M-CNR1
Decimales y transformación;M30M-CNR2
Comparación de números decimales;M30M-CNR3
Operatoria con números decimales;M30M-CNR4
Operatoria de fracciones;M30M-CNR5
Fracciones en contexto;M30M-CNR6
Comparación de fracciones;M30M-CNR7
Números mixtos;M30M-CNR8
Recta numérica en los racionales;M30M-CNR9
Concepto de porcentajes;M30M-POR1
Disminución porcentual;M30M-POR2
Aumentos porcentuales;M30M-POR3
Variación porcentual;M30M-POR4
Definición de potencias;M30M-POT1
Propiedades de las potencias;M30M-POT2
Descomposición de potencias;M30M-POT3
Factorización de potencias;M30M-POT4
Conversión de unidades;M30M-POT5
Notación científica;M30M-POT6
Crecimiento y decrecimiento exponencial;M30M-POT7
Definición y Cálculo de Raíces;M30M-RAI1
Descomposición de Raíces;M30M-RAI2
Propiedades de las Raíces;M30M-RAI3
Operatoria con Raíces;M30M-RAI4
Racionalización;M30M-RAI5
Comparación raíces;M30M-RAI6
Números Reales;M30M-RAI7
Expresiones algebraicas;M30M-EXP1
Lenguaje algebraico;M30M-EXP2
Planteamiento;M30M-EXP3
Factorización;M30M-EXP4
Factorización por agrupación;M30M-EXP5
Productos notables I;M30M-EXP6
Productos notables II;M30M-EXP7
Expresiones fraccionarias;M30M-EXP8
Razones;M30M-RYP1
Proporcionalidad directa;M30M-RYP2
Proporcionalidad inversa;M30M-RYP3
Ecuación lineal;M30M-ECL1
Ecuación lineal en contexto;M30M-ECL2
Análisis de ecuación lineal;M30M-ECL3
Intervalos;M30M-INL1
Inecuación de primer grado;M30M-INL2
Inecuación de primer grado en contexto;M30M-INL3
Sistema de ecuaciones;M30M-SEL1
Sistema de ecuaciones en contexto;M30M-SEL2
Ecuación cuadrática incompleta;M30M-ECC1
Ecuación cuadrática completa (Método factorización);M30M-ECC2
Ecuación cuadrática completa (Método Fórmula general);M30M-ECC3
Análisis de las soluciones de una ecuación cuadrática (Discriminante, suma, producto);M30M-ECC4
Ecuación cuadrática en contexto;M30M-ECC5
Concepto de funciones;M30M-FUN1
Puntos de una función;M30M-FUN2
Función lineal;M30M-FLA1
Función lineal contexto;M30M-FLA2
Función afín;M30M-FLA3
Función afín en contexto;M30M-FLA4
Función cuadrática general;M30M-FCC1
Función cuadrática gráfica;M30M-FCC2
Función cuadrática canónica;M30M-FCC3
Función cuadrática en contexto;M30M-FCC4
Teorema de pitagoras;M30M-AYP1
Área y perímetro de triángulos;M30M-AYP2
Área y perímetro de paralelogramos;M30M-AYP3
Área y perímetro de trapecios;M30M-AYP4
Área y perímetro de círculo;M30M-AYP5
Área y perimetro de figuras compuestas;M30M-AYP6
Volumen y área de paralelepipedo;M30M-VYA1
Puntos en el Plano cartesiano;M30M-TIS1
Vectores;M30M-TIS2
Traslación;M30M-TIS3
Rotación;M30M-TIS4
Simetrías y ejes de simetría;M30M-TIS5
Tablas de frecuencias I;M30M-TYG1
Tablas de frecuencias II;M30M-TYG2
Gráficos I;M30M-TYG3
Gráficos II;M30M-TYG4
Promedio;M30M-PMP1
Cuartiles y percentiles;M30M-PMP2
Diagrama de caja;M30M-PMP3
Conceptos de probabilidades;M30M-PRO1
Regla aditiva;M30M-PRO2
Regla Multiplicativa;M30M-PRO3
Triangulo de Pascal;M30M-PRO4
