assessment_name;date
Test [M30M-CNE1];08-07-2025
Test [M30M-CNE2];08-07-2025
Test [M30M-CNE3];08-07-2025
Test [M30M-CNE4];09-07-2025
Test [M30M-CNE5];09-07-2025
Test [M30M-CNE6];10-07-2025
Test [M30M-CNE7];10-07-2025
Test [M30M-CNE8];10-07-2025
Test [M30M-CNE9];11-07-2025
Test [M30M-CNE10];11-07-2025
Test [M30M-CNE11];11-07-2025
Test [M30M-CNR1];14-07-2025
Test [M30M-CNR2];14-07-2025
Test [M30M-CNR3];14-07-2025
Test [M30M-CNR4];15-07-2025
Test [M30M-CNR5];15-07-2025
Test [M30M-CNR6];15-07-2025
Test [M30M-CNR7];16-07-2025
Test [M30M-CNR8];16-07-2025
Test [M30M-CNR9];16-07-2025
Test [M30M-POT1];17-07-2025
Test [M30M-POT2];17-07-2025
Test [M30M-POT3];17-07-2025
Test [M30M-RAI1];18-07-2025
Test [M30M-RAI2];18-07-2025
Test [M30M-RAI3];21-07-2025
Test [M30M-RAI4];21-07-2025
Test [M30M-EXP1];22-07-2025
Test [M30M-EXP2];22-07-2025
Test [M30M-EXP3];22-07-2025
Test [M30M-EXP5];23-07-2025
Test [M30M-EXP6];23-07-2025
Test [M30M-EXP7];24-07-2025
Test [M30M-EXP8];24-07-2025
Test [M30M-RYP1];25-07-2025
Test [M30M-RYP2];25-07-2025
Test [M30M-RYP3];25-07-2025
Test [M30M-ECL1];28-07-2025
Test [M30M-ECL2];28-07-2025
Test [M30M-INL1];29-07-2025
Test [M30M-INL2];29-07-2025
Test [M30M-INL3];29-07-2025
GuÃ­a acumulativa 1;08-07-2025
GuÃ­a acumulativa 2;09-07-2025
GuÃ­a acumulativa 3;10-07-2025
GuÃ­a acumulativa 4;11-07-2025
GuÃ­a acumulativa 5;14-07-2025
GuÃ­a acumulativa 6;15-07-2025
GuÃ­a acumulativa 7;16-07-2025
GuÃ­a acumulativa 8;17-07-2025
;
;
